id,datetime,user,size,change,note
997402055,2020-12-31 09:33:00,Onetwothreeip,482262,+28,"Reverted to revision 997325170 by MelanieN (talk): The editor justifies the tag well, and it should be there to remind other editors before they add more content to the article."
997326056,2020-12-31 00:27:00,Mandruss,482234,−28,Undid revision 997277580 by Alexceltare2 (talk) - see talk page archives for repeated decisions to omit this banner
997138732,2020-12-30 04:43:00,Onetwothreeip,481805,,"Undid revision 997136138 by 1990'sguy (talk) Too much for this article, better for the sub-articles"
997122885,2020-12-30 02:58:00,MelanieN,482252,−32,Reverting. This wording has been heavily discussed on the talk page and requires a new discussion to change.
996976980,2020-12-29 12:53:00,ValarianB,482885,,Undid revision 996968902 by NaBUru38 (talk) Previous wording was accurate
996830291,2020-12-28 20:39:00,Ivanvector,488865,+379,"Reverted 1 edit by Alvin Seville (talk): Per the DO NOT CHANGE edit note. Respond to the questions as to what you're up to on your talk page, User:Alvin Seville."
996702159,2020-12-28 04:29:00,Politicsfan4,487992,0,"Undid revision 996702077 by Politicsfan4 (talk) whoops, just saw that it violated Talk:Donald Trump#Current consensus item 23"
996478192,2020-12-26 21:11:00,Politicsfan4,487882,+2,Undid revision 996454523 by Space4Time3Continuum2x (talk) do not include state affiliates of political parties - use the national version
996303338,2020-12-25 19:30:00,Mandruss,487684,−131,Undid revision 996265282 by Politicsfan4 (talk) - rv per MOS:LEAD ;; not mentioned below the lead
996203162,2020-12-25 03:22:00,Mandruss,489805,+217,"Undid revision 996197172 by Boneyard90 (talk) - brief mentions of birth, childhood, and education are hardly excessive detail for the lead of a biography. Nothing is more biographical than that."
996147444,2020-12-24 20:32:00,Onetwothreeip,491927,,Undid revision 996099150 by Kieran207 (talk) Not notable enough for this article
996100082,2020-12-24 14:56:00,Mandruss,491885,−11,"Undid revision 996096254 by GoodDay (talk) - rv per Talk:Donald Trump#Current consensus, item 17. What we have at Mike Pence does not override that consensus here."
996081495,2020-12-24 12:24:00,Mandruss,491195,−29,Undid revision 995956113 by Politicsfan4 (talk) - no such new consensus exists
996068075,2020-12-24 10:10:00,Slatersteven,491224,,Undid revision 996065137 by Chaheel Riens (talk)make a case at talk.
996065137,2020-12-24 09:44:00,Chaheel Riens,492130,,"Undid revision 996058962 by Jack Upland (talk) Given that no such article seems to exist, the notability of those making the claim - a psychologist and former lawyer - and the reliable sources, this seems a reasonable inclusion."
996058962,2020-12-24 08:44:00,Jack Upland,491224,,Undid revision 996040124 by Starship.paint (talk) This is just one theory by some people about Trump's innermost thoughts - take it to the Mind of Trump article
995933034,2020-12-23 17:23:00,Davey2116,491304,,"→‎Health:  Undid revision 995473351, see current consensus, line 40"
995819937,2020-12-23 01:42:00,SPECIFICO,489492,−57,Undid revision 995812273 by Ceedub88 (talk) Removing unsourced content
995808868,2020-12-23 00:28:00,Ainlina,489492,+25,Reverted to revision 995808096 by Politicsfan4 (talk): Restore diploma as per talk page consensus
995433494,2020-12-21 00:45:00,Bdushaw,496543,,"Undid revision 995427967 by SPECIFICO (talk) somewhat unsure of what is happening, but reverting to what seems a better version by request"
995427967,2020-12-21 00:04:00,SPECIFICO,495664,,Undid revision 995410836 by Onetwothreeip (talk) undoing my 4th rr error.. Somebody else please revert this reinstatement and get the consensus text back pending discussion.
995410836,2020-12-20 22:02:00,Onetwothreeip,501620,,Reverted to revision 995408486 by SPECIFICO (talk): Somehow the same edit went through twice.
995408486,2020-12-20 21:48:00,SPECIFICO,501620,,"Undid revision 995407451 by Onetwothreeip (talk) Not an improvement, and much of what was removed had achieved explicit consensus on talk after prior discussion or revert and reinstatement"
995407274,2020-12-20 21:40:00,SPECIFICO,501620,,"Undid revision 995405862 by Onetwothreeip (talk)restore DUE content, clarifying significance per source."
995349891,2020-12-20 15:36:00,SPECIFICO,502214,,Undid revision 993941808 by Mandruss (talk) Partial restore of DUE content
995348927,2020-12-20 15:29:00,SPECIFICO,501591,,"Undid revision 995286723 by Jack Upland (talk) Restore text. Not necessarily unnecessary. Depends on larger context and narrative of Trump, which continues to shift in 2020"
995183131,2020-12-19 18:03:00,Mandruss,501554,−267,"→‎Works cited:  User:AleatoryPonderings - feel free to revert. The hidden comment says: ""This section is ONLY for books that are cited in footnotes of this Wikipedia article."" The article cites one Barrett, and his first name is Devlin, not Wayne. If we want to include ""further reading"", we should do so in a ""Further reading"" section."
995152497,2020-12-19 14:50:00,AleatoryPonderings,501821,−71,"→‎Works cited:  feel free to revert, but the original edition is on the Internet Archive so I thought I'd add"
993981944,2020-12-13 15:11:00,Ivanvector,500045,−62,Reverted 1 edit by Ciaran.london (talk): Propose this change on the talk page.
993981741,2020-12-13 15:09:00,Ciaran.london,500107,+62,"Trump is the Outgoing President, stop reverting!"
993941808,2020-12-13 08:31:00,Mandruss,500044,,Reverted to revision 993868511 by Czello (talk): 1. Excessive detail for this overlarge one-page biography of an entire life. 2. Does not summarize Presidency of DonaldTrump#Opioid epidemic per WP:SYNC.
993868511,2020-12-12 22:37:00,Czello,500044,−62,Reverted to revision 993814898 by Escape Orbit (talk): I don't think this is a standard part of the infobox
993814898,2020-12-12 17:11:00,Escape Orbit,500044,+35,Undid revision 993786057 by Jeromi Mikhael (talk) Changes to direct quotes
993780940,2020-12-12 13:33:00,Slatersteven,500044,−34,Undid revision 993779652 by DanJWilde (talk)Well as this is the only office he has ever held not sure its true.
993559399,2020-12-11 06:25:00,Mandruss,503123,−28,Reverted to revision 993530237 by Soibangla (talk): Rv per WP:CATV ;; no mention in the article
992610068,2020-12-06 05:17:00,GorillaWarfare,499035,+466,Reverted to revision 992596236 by Mandruss (talk): Please see multiple inline notes as well as info on the talk page about not changing the lead without consensus. Simply starting a conversation on the talk page is not sufficient; you must wait for involvement from others (and eventual consensus)
992190752,2020-12-04 00:03:00,Mandruss,498738,,Reverted to revision 992189268 by Mandruss (talk): Disputed and under discussion
992187890,2020-12-03 23:41:00,Mandruss,498734,,Undid revision 992090336 by Tobby72 (talk)  - rv - 1. Not found in a Trump sub-article per WP:SYNC. 2. Probably excessive detail for this one-page biography anyway.
991909164,2020-12-02 13:25:00,ValarianB,499328,+5,"Undid revision 991901578 by Sa57arc (talk) ""accusations"" is appropriate here, as Trump is accusing others of committing felonies"
991852082,2020-12-02 03:44:00,Mandruss,499328,,"Undid revision 991830135 by Starship.paint (talk) - Stop chasing daily headlines in this one-page top-level biography. Is this already in a Trump sub-article? That's required for consideration here, per WP:SYNC."
991793794,2020-12-01 21:20:00,LeftiePete,499336,+4,"Undid revision 991793673 by LeftiePete (talk) Again, grammar."
991793673,2020-12-01 21:19:00,LeftiePete,499332,−4,Undid revision 991793476 by LeftiePete (talk)
991753412,2020-12-01 17:23:00,Ivanvector,499331,,"Reverted good faith edits by Pennsylvania2 (talk): Please discuss this change on the talk page. While no doubt true, the newest of the sources provided is a year and a half old."
991323371,2020-11-29 13:24:00,Space4Time3Continuum2x,498789,+12,"→‎Real estate:  Reverting https://en.wikipedia.org/w/index.php?title=Donald_Trump&type=revision&diff=991196469&oldid=991126736.  According to the description, it’s a slightly distorted combination of three photos with some of the adjacent buildings cropped out. If readers want to see the entire structure, they can click on the link to the Trump Tower article (image too large for this article)."
991270149,2020-11-29 05:10:00,Thorpewilliam,498764,0,Undid revision 991126736 by Space4Time3Continuum2x (talk) There was no block per se; if you can provide ample RS on the talk then you're justified. Prior wording was acceptable.
991079594,2020-11-28 04:07:00,Thorpewilliam,498771,−64,Undid revision 991066276 by Thorpewilliam (talk) Self-revert in accordance with ArbCom guidelines
991066276,2020-11-28 02:22:00,Thorpewilliam,498835,+64,"Undid revision 991057511 by Mandruss (talk) I added it to the body myself yesterday and was planning of modifying the lead to reflect this development, though I had not yet worked out the wording. Only 12 words were added; I believe this allows the lead to remain summary, as it should be"
991057511,2020-11-28 01:14:00,Mandruss,498771,−64,"Undid revision 991052871 by Thorpewilliam (talk) - Lead summarizes body. Before adding lead content, please check for it in the body."
991031864,2020-11-27 22:17:00,Thanoscar21,498604,,"Rm part about the Trump organization; this is about trump, not the organization. Feel free to revert."
990725285,2020-11-26 04:22:00,Mandruss,500850,−31,"Undid revision 990724641 by Mgasparin (talk) - Same rationale as was the conclusion every time this tag has been added for years. The article is too long, nobody seriously disputes that. The tag is unnecessary because editors already know the article is too long. The tag will not improve the situation, but it will add unsightly clutter to a high-visibility article. If you want to re-hash this yet again, use the talk page yet again."
990540180,2020-11-25 02:06:00,Mandruss,500790,+4,Undid revision 990538188 by UltraBee (talk) - rv per cited source
990163828,2020-11-23 04:11:00,Mandruss,499124,+50,Reverted to revision 990108212 by Jack Upland (talk): Content is disputed and under discussion on the talk page
990041363,2020-11-22 13:19:00,Slatersteven,499472,+50,Undid revision 990040988 by Ciaran.london (talk)Please see talk page before adding Joe Biden here-
989972476,2020-11-22 01:57:00,Mandruss,499472,−18,"Undid revision 989962063 by Bergeronpp (talk) -- Per MOS:OVERLINK, New York City is generally not linked. Please get consensus for the importance of stating that Queens is a borough of New York City in this article's lead, saving the few readers who care about that a single click.."
989791303,2020-11-21 01:31:00,Soibangla,498635,,→‎2020 presidential election:  hope this addresses expressed concerns about previous reverted edit
989787636,2020-11-21 01:03:00,Mandruss,496705,,"Undid revision 989783532 by Soibangla (talk) -- This top-level biography does not need a summary of daily headlines. complete with names of individuals involved. Regardless, which sub-article is this content already established in per WP:SYNC? No mention of this in the Presidency article."
989784884,2020-11-21 00:42:00,Ɱ,499010,,"Undid revision 989783035 by Ɱ (talk) ...or you could just trim a little because my point still stands. Don't care enough about this to hash out on a talk page, just at least restore the first line."
989783035,2020-11-21 00:27:00,Ɱ,498170,,"Reverted to revision 989781683 by PackMecEng (talk): Then trim a little, but this and other real estate was what he was best-known for, for decades. There was some lost context as well."
989782723,2020-11-21 00:24:00,SPECIFICO,496705,,Undid revision 989781511 by Ɱ (talk) this is way too much detail -- which is why it was trimmed previously
989781683,2020-11-21 00:16:00,PackMecEng,498170,,"Undid revision 989781288 by Soibangla (talk) Still under discussion, let that run its course. As is, it is looking like talk is heading to oppose"
989729956,2020-11-20 18:12:00,Muboshgu,496731,,Undid revision 989727483 by Jeppiz (talk) WP:AGF on WP:BRD on this WP:BLP
989724600,2020-11-20 17:33:00,GorillaWarfare,498709,−16,Undid revision 989723858 by Catholic Laitinen (talk) please achieve consensus for this change first
989608314,2020-11-20 00:04:00,力,496673,,Reverted edits by Lafayette Baguette (talk) to last version by DannyS712
989608235,2020-11-20 00:04:00,Lafayette Baguette,2032,,Reverted to revision 989608139 by Lafayette Baguette (talk)
989608166,2020-11-20 00:03:00,DannyS712,496673,,Reverted edits by Lafayette Baguette (talk) to last version by Power~enwiki
989608139,2020-11-20 00:03:00,Lafayette Baguette,2032,,Reverted to revision 989607709 by Lafayette Baguette (talk)
989607880,2020-11-20 00:01:00,力,496673,,Reverted edits by Lafayette Baguette (talk) to last version by Space4Time3Continuum2x
989409612,2020-11-18 20:39:00,Emir of Wikipedia,496226,+23,Undid revision 988652543 by Bergeronpp (talk) as per consensus item 18
989397631,2020-11-18 19:13:00,Mandruss,496203,−274,"Undid revision 989396303 by Michaelwuzthere (talk) -- Fairly redundant with the preceding five words, and thus not lead-worthy. Elaborated in the body."
989354870,2020-11-18 14:37:00,Alcaios,496183,,Reverted to revision 989339995 by UpdateNerd (talk): Reverted recent change after receiving a personal message on my talk page
989221356,2020-11-17 19:07:00,Mandruss,495592,−2,"Undid revision 989218116 by KingSkyLord (talk) - Why? Please explain your edits using the edit summary field, especially when they are not self-explanatory."
989220949,2020-11-17 19:04:00,Mandruss,495594,,"Undid revision 989217497 by JLo-Watson (talk) - excessive detail for this top-level biography, please discuss on the talk page if you disagree"
989070973,2020-11-16 21:58:00,Drdpw,494785,−64,Reverted good faith edits by Dash77 (talk): Pointless category
988912714,2020-11-16 00:19:00,Mandruss,496484,+12,"Undid revision 988901105 by Tenebrae (talk) -- Talk:Donald Trump#Current consensus, item 17."
988838852,2020-11-15 15:35:00,MFlet1,495816,+4,"Undid revision 988817685 by 842U (talk I think ""but"" is a reasonable word to use, given that the losing candidate in an election is normally expected to accept the result)"
988655545,2020-11-14 13:45:00,Czello,495491,+14,Reverted to revision 988653186 by Space4Time3Continuum2x (talk): There is a note specifically asking you to discuss this on the talk page before changing
988583283,2020-11-14 01:31:00,GorillaWarfare,495508,+16,"Undid revision 988582364 by LXM Volo (talk) sourced, please don't remove without discussion"
988566731,2020-11-13 23:15:00,Zingarese,495057,−406,"Almost all other articles (Joe Biden, Donald Trump 2020 presidential campaign, etc. etc.) have definitively said Trump lost the election, not ""projected"" to have lost. And nearly all of reliable sources have declared Biden the winner. Why should it be different here? (making this edit because I don't see any active talk page discussion about this, please feel free to revert if I am wrong)"
988558044,2020-11-13 22:18:00,Neutrality,495433,+68,"revert to stable version. Appreciate the bold edit, but I am challenging this.  ""widely considered"" is weasel language here, the removal of 'falsely' runs afoul of (among other things) WP:EVALFRINGE"
988494374,2020-11-13 14:59:00,Slatersteven,495424,+35,"Undid revision 988493249 by AjayTO (talk)maybe, but WE are still discusing it."
988457390,2020-11-13 08:55:00,Jr8825,495424,−7,"→‎top:  minor connective tweak. After Starship.paint's partial revert, 'as well as' sounds off"
988440984,2020-11-13 05:22:00,Jr8825,496065,−47,"Undid revision 988378626 by Thorpewilliam (talk) this feels like an unnecessary, undue change to me. I think the existing text is accurate and a good length for the lead (if anything if could be shorter), and suggest you start a discussion on the talk page for these changes. Also, the assertion the fraud occurs in every election seems like a belief rather than a fact"
988378626,2020-11-12 20:28:00,Thorpewilliam,496066,+47,Undid revision 988304131 by Slatersteven (talk) yes; some fraud occurs in every election cycle. Widespread fraud does not
988369100,2020-11-12 19:25:00,Objective3000,496019,−12,Undid revision 988367787 by Helterclark (talk) Not needed.
988363867,2020-11-12 18:44:00,Jr8825,496019,−37,"→‎Racial views:  partial revert of Thorpewilliam, no need to expand this quote, the bit already quoted is what drew the ""widespread criticism"""
988304131,2020-11-12 10:32:00,Slatersteven,496142,−47,"Undid revision 988303895 by Thorpewilliam (talk)Actually Most of the allegation sare unsunbstaTIT4D, IN FACT HAVE ANY BEEN?"
988290242,2020-11-12 07:47:00,Mandruss,496142,−7,Undid revision 988277113 by Thent1234 (talk) -- rv per WP:CAPFRAG. None of these is a complete sentence.
988267919,2020-11-12 03:50:00,Mandruss,496139,−1,"Undid revision 988234149 by Rock-O-Jello (talk) - Maybe that's how the Brits spell it, but this is AmEng. See dictionary entry at: https://www.merriam-webster.com/dictionary/cooperate"
988259572,2020-11-12 02:27:00,Objective3000,496140,+11,Reverted to revision 988234149 by Rock-O-Jello (talk): Patience.
988216330,2020-11-11 20:25:00,Jr8825,496061,+35,"Undid revision 988213843 by Jkerrigan8 (talk) please don't keep adding Biden to the infobox! We are still waiting for a consensus in the talk page discussion, just as we were 23 hours ago when you lasted added this and were reverted."
988187683,2020-11-11 17:13:00,Jr8825,495950,−76,"Partial revert of Vjmlhds's edit; I've shared concern about ""slow"" sounding objective for a while, and am surprised to see there wasn't a firm consensus behind it. However, the new wording swung too far the other way, into UNDUE vs. the RS, by implying Trump responded early and effectively. Perhaps another discussion is needed if we can't settle on acceptable phrasing through BRD..."
988146285,2020-11-11 11:03:00,Mandruss,495482,−189,Undid revision 988144735 by WEBDuB (talk) -- Not lead-worthy in terms of biographical significance. The main article about his presidency is Presidency of Donald Trump.
988126545,2020-11-11 06:59:00,Jr8825,495482,−150,"Undid revision 988097295 by Ka-Ping Yee (talk) changed lead text doesn't appear to be reflected within the domestic policy section or sourced – please add this (with sourcing) to the domestic section first, or discuss on the talk page"
988072276,2020-11-10 21:54:00,Zingarese,495408,+35,"Undid revision 988070578 by Jkerrigan8 (talk) which part of ""please see talk page before adding Joe Biden here"" do you not understand?"
988066728,2020-11-10 21:07:00,Jr8825,495408,+65,"→‎top:  BRD edit to the post-election lead section, intended to move forward the separate discussions on the talk page and bring in line with the well-sourced president-elect and Joe Biden articles. If reverting, I'd appreciate constructive criticism in one of the revelant talk page sections."
987970302,2020-11-10 09:12:00,Jr8825,495301,−494,Reverted 2 edits by Srodgers1701 (talk): Ongoing discussion on talk
987964617,2020-11-10 08:10:00,Neveselbert,495502,+28,Undid revision 987916293 by Grassynoel (talk) - no explanation given
987938199,2020-11-10 03:23:00,Mandruss,495447,−16,"Undid revision 987936930 by Hoponpop69 (talk) -- There is an active discussion about how best to word this sentence at Talk:Donald Trump#In the 2020 U.S. presidential election, major news organizations have projected that Trump lost his bid for re-election.. Please join in that discussion and wait for a consensus to form before adding this again."
987888807,2020-11-09 20:55:00,Mandruss,494418,−21,"Undid revision 987888547 by GoodDay (talk) -- So much for kinder, gentler edit summaries."
987888547,2020-11-09 20:53:00,GoodDay,494439,+21,Undid revision 987887862 by Mandruss (talk)Restoring status quo of office infofox practices. Been doing it like this for years.
987887862,2020-11-09 20:48:00,Mandruss,494418,−21,"Undid revision 987886947 by GoodDay (talk) -- Kinder, gentler edit summary per Awilley (gritting teeth): There is an active discussion on whether the infobox should list Biden as successor at Talk:Donald Trump#Survey: ""Succeeded by"" field. Please join in that discussion and wait for a consensus to form before adding this again."
987704239,2020-11-08 18:53:00,Buufin,494621,,Undid revision 987700823 by Mandruss (talk)
987532574,2020-11-07 17:35:00,Emir of Wikipedia,494319,−6,self-revert
987527832,2020-11-07 17:00:00,Adam9007,493764,+3,Undid revision 987527661 by NewEnglandPatriots1998 (talk) The election isn't over yet.
987419968,2020-11-06 22:44:00,Mandruss,492990,−50,Undid revision 987406016 by Rosenborg BK Fan (talk) -- WP:NOTBROKEN
987358108,2020-11-06 14:32:00,Chaheel Riens,492976,−182,Undid revision 987355882 by Spartan7W (talk) not actually confirmed yet.
987341123,2020-11-06 11:37:00,Samwalton9,492976,+442,"Undid revision 987338905 by Wikibenboy94 (talk) Has consensus, per the comment"
987167642,2020-11-05 10:00:00,SPECIFICO,492673,,Undid revision 987162232 by Jack Upland (talk) this was unprecedented and widely noted by press and analysts
987146196,2020-11-05 06:00:00,Mandruss,493662,0,"Undid revision 987097929 by Almostangelic123 (talk) -- Talk:Donald Trump#Current consensus, item 17"
987082344,2020-11-04 20:18:00,Vanamonde93,493876,−21,Undid revision 987081662 by Onghai1929 (talk) Please don't add claims of victory until reliable sources support them
987081982,2020-11-04 20:15:00,Mandruss,493897,−2,Undid revision 987067213 by Carewser (talk) - Try getting that word into Barack Obama first
986931854,2020-11-03 20:49:00,Praxidicae,494485,−33,Reverted 1 edit by AbelAndCain (talk): This can be added later
986905252,2020-11-03 17:58:00,Humanengr,494301,−238,Undid revision 986904375 by Radiohist (talk) This does not belong in the lead (much less in this place in the lead or in boldface); also it is not in the body so does not conform to lead as summary of article. Pls discuss on Talk.
986824351,2020-11-03 06:28:00,Davey2116,493117,,"→‎Health:  Undid revision 982813619, see current consensus, line 40"
986625085,2020-11-02 00:54:00,Onetwothreeip,489682,,Reverted to revision 986502341 by MONGO (talk): Not due for the article.
986502341,2020-11-01 07:46:00,MONGO,489682,,revert WP:CRYSTAL
985846090,2020-10-28 08:44:00,Bdushaw,488466,,Undid revision 985828241 by Gerald Waldo Luis (talk) Origin of pandemic in china is important to context and later discussion; citation problem
985785081,2020-10-27 23:02:00,SPECIFICO,488466,−58,Undid revision 985783312 by Jack Upland (talk) Gratuitous. His denial is why there is litigation.
985773056,2020-10-27 21:32:00,Neutrality,488428,,"partial revert/challenge of recent bold edit; I don't think these components of the edit were an improvement, and I'll elaborate on talk. Also make correction with cite to CRS report (the suits allege violations of both the Domestic and Foreign Emoluments Clauses)"
985455772,2020-10-26 01:49:00,Mandruss,487734,−5,"Undid revision 985452084 by NPalgan2 (talk) - ""say"" can mean written communication, per dictionary definition: https://www.merriam-webster.com/dictionary/say"
985424657,2020-10-25 21:45:00,Scjessey,487210,−9,"Undid revision 985423884 by Sergei zavorotko (talk) - unnecessary because it is redundant. Read later in the paragraph, and it refers to his time as a candidate."
985107252,2020-10-24 00:29:00,Onetwothreeip,485076,,Reverted to revision 984961579 by Mandruss (talk): Not an especially big deal
984672082,2020-10-21 12:14:00,Scjessey,484838,,Reverted good faith edits by Tobby72 (talk): None of these are biographically significant
984278038,2020-10-19 06:47:00,Mandruss,484469,−4,"Undid revision 984274588 by PickleG13 (talk) - NYC is generally not linked, per MOS:OVERLINK"
984188309,2020-10-18 18:31:00,HaeB,484428,−403,Reverted 1 edit by Tobby72 (talk): WP:SYNTH and undue weight for one particular half-dementi quote
984035319,2020-10-17 19:35:00,Mandruss,483050,−78,"Undid revision 983986519 by Pompous Retail (talk) - rv per Talk:Donald Trump#Current consensus, item 18 - and ""wearing"" is ok"
984011922,2020-10-17 16:50:00,Space4Time3Continuum2x,484369,,"→‎Domestic policy:  Reverting per Talk, step 2"
984011546,2020-10-17 16:47:00,Space4Time3Continuum2x,478474,,"→‎Protests:  Reverting per Talk, step 1 (https://en.wikipedia.org/w/index.php?title=Talk:Donald_Trump&diff=prev&oldid=984011255)"
983945629,2020-10-17 06:11:00,Jack Upland,480284,−63,Undid revision 983943301 by Jason Quinn (talk) See Talk
983929173,2020-10-17 03:11:00,Starship.paint,480174,,Undid revision 983929109 by Starship.paint (talk) - wrong article
983903462,2020-10-16 23:12:00,Mandruss,485075,−20,"Reverted to revision 983896050 by Feoffer (talk): Talk:Donald Trump#Current consensus, item 48 still specifies the status quo text. This is under discussion at Talk:Donald Trump#Consensus 48 question, where the uninvolved closers are being asked to clarify their closures. Please wait for a resolution there, which may or may not change item 48 and the related hidden comment in the article."
983628397,2020-10-15 09:22:00,Onetwothreeip,484937,,"Undid revision 983626495 by Donkey Hot-day (talk) Too much information, and too many citations."
983323084,2020-10-13 15:48:00,Mandruss,490643,+74,"Undid revision 983295675 by Wikieditor19920 (talk) - Talk:Donald Trump#Current consensus, item 48"
983247223,2020-10-13 03:54:00,Mandruss,489529,−12,Undid revision 983237541 by ANG99 (talk) - unsourced ;; see recent edit
983237541,2020-10-13 02:15:00,ANG99,489541,+12,Undid revision 983237161 by ANG99 (talk)
982948128,2020-10-11 10:08:00,Space4Time3Continuum2x,490406,,"Moving from unrelated section into more suitable one, reverting BOLD trimming - see TALK [https://en.wikipedia.org/wiki/Talk:Donald_Trump#Is_the_photo_op_section_really_necessary?]"
982926472,2020-10-11 06:25:00,Space4Time3Continuum2x,489386,−1,"Undid revision 982925780 by Space4Time3Continuum2x (talk)Self-revert, part of original text seems to be missing"
982893114,2020-10-11 00:55:00,Mandruss,489101,0,"Undid revision 982722972 by Emir of Wikipedia (talk) - rv per MOS:EGG ;; the natural target of ""inaugurated"" is Inauguration"
982878100,2020-10-10 22:42:00,Soibangla,489101,,Undid revision 982876266 by Onetwothreeip (talk) I consider these sweeping deletions of significant content that are better done incrementally or discussed on Talk before being implemented
982797663,2020-10-10 12:01:00,Space4Time3Continuum2x,496470,−5,Self-revert https://en.wikipedia.org/w/index.php?title=Donald_Trump&type=revision&diff=982782175&oldid=982766570. And done.
982797341,2020-10-10 11:58:00,Space4Time3Continuum2x,496475,−320,Self-revert https://en.wikipedia.org/w/index.php?title=Donald_Trump&type=revision&diff=982782175&oldid=982766570
982796754,2020-10-10 11:53:00,Space4Time3Continuum2x,496795,−280,Self-revert https://en.wikipedia.org/w/index.php?title=Donald_Trump&type=revision&diff=982782175&oldid=982766570
982796019,2020-10-10 11:48:00,Space4Time3Continuum2x,497075,−259,Self-revert https://en.wikipedia.org/w/index.php?title=Donald_Trump&type=revision&diff=982782175&oldid=982766570
982795287,2020-10-10 11:41:00,Space4Time3Continuum2x,497334,−110,self-revert https://en.wikipedia.org/w/index.php?title=Donald_Trump&type=revision&diff=982782175&oldid=982766570
982794875,2020-10-10 11:38:00,Space4Time3Continuum2x,497444,−110,Self-revert https://en.wikipedia.org/w/index.php?title=Donald_Trump&type=revision&diff=982782175&oldid=982766570
982794556,2020-10-10 11:35:00,Space4Time3Continuum2x,497554,−100,self-revert https://en.wikipedia.org/w/index.php?title=Donald_Trump&type=revision&diff=982782175&oldid=982766570
982794216,2020-10-10 11:32:00,Space4Time3Continuum2x,497654,−100,self-revert https://en.wikipedia.org/w/index.php?title=Donald_Trump&type=revision&diff=982782175&oldid=982766570
982793945,2020-10-10 11:29:00,Space4Time3Continuum2x,497754,−71,self-revert https://en.wikipedia.org/w/index.php?title=Donald_Trump&type=revision&diff=982782175&oldid=982766570
982793753,2020-10-10 11:27:00,Space4Time3Continuum2x,497825,−115,Self-revert https://en.wikipedia.org/w/index.php?title=Donald_Trump&type=revision&diff=982782175&oldid=982766570
982793529,2020-10-10 11:25:00,Space4Time3Continuum2x,497940,−75,self-revert https://en.wikipedia.org/w/index.php?title=Donald_Trump&type=revision&diff=982782175&oldid=982766570
982793259,2020-10-10 11:21:00,Space4Time3Continuum2x,498080,−75,Self-revert https://en.wikipedia.org/w/index.php?title=Donald_Trump&type=revision&diff=982782175&oldid=982766570
982793048,2020-10-10 11:19:00,Space4Time3Continuum2x,498155,−39,Self-reverting https://en.wikipedia.org/w/index.php?title=Donald_Trump&type=revision&diff=982782175&oldid=982766570
982782291,2020-10-10 09:30:00,Space4Time3Continuum2x,499435,−59,"Undid revision 982730649 by Kvwiki1234 (talk)Misleading edit summary.  ""most notable?"""
982680097,2020-10-09 17:19:00,Mandruss,499557,−4,"Undid revision 982660859 by Dr. Bhola Prasad Rauniyar (talk) - NYC is generally not linked, per MOS:OVERLINK"
982542444,2020-10-08 20:06:00,MelanieN,502336,,Undid good faith addition. Way too much coverage given to one journal's comment. At most a sentence somewhere; more likely nothing in this biography but something in other articles.
982438239,2020-10-08 04:17:00,Mandruss,500584,−32,"Undid revision 982405849 by Feoffer (talk) - This is under the heading of ""Presidency"", not ""presidential policy"". One relatively short subsection out of ten (10) does not warrant reference is the parent heading. If a reader is looking for content about his hospital visit, I suspect ""COVID-19"" in the TOC will be sufficient hint for a place to look."
982108057,2020-10-06 06:24:00,Mandruss,497896,−277,"→‎top:  Revert recent add to the lead. 1. Lead summarizes body. The words ""isolationist"" and ""isolationism"" do not occur in the body. 2. This lead does not use citations."
981961449,2020-10-05 11:59:00,Space4Time3Continuum2x,494319,,"→‎Hospitalization with COVID-19:  One edit (https://en.wikipedia.org/w/index.php?title=Donald_Trump&diff=prev&oldid=981831557), one revert. ""First time"" - as far as we know at this point, both for previous presidents and the current one. Image - New Apprentice boardroom, a Mark Burnett production? Maybe suitable for the ""Presidency"" article. Also, image is from Ivanka Trump’s personal Twitter account, doubtful that it’s public domain."
981961142,2020-10-05 11:56:00,Space4Time3Continuum2x,495181,+221,Undid revision 981959166 by Space4Time3Continuum2x (talk)Self-revert
981961075,2020-10-05 11:56:00,Space4Time3Continuum2x,494960,,Undid revision 981959432 by Space4Time3Continuum2x (talk) self-revert
981888444,2020-10-05 00:29:00,Mandruss,495185,−5,"Undid revision 981883390 by TheEpicGhosty (talk) - NYC generally not linked, per MOS:OVERLINK"
981713278,2020-10-04 00:37:00,Mandruss,491085,−12,"Undid revision 981712175 by Dhruvh (talk) - rv per Talk:Donald Trump#Current consensus, item 18"
981705150,2020-10-03 23:21:00,Mandruss,492161,−13,Undid revision 981699715 by Personisgaming (talk) - rv per consensus at Talk:Donald Trump#Current tag
981699233,2020-10-03 22:29:00,Onetwothreeip,492536,−36,→‎Hospitalization with COVID-19:  Reverting blatantly inappropriate language
981532742,2020-10-02 21:55:00,Cullen328,491412,,The helicopter is on the White House lawn and Trump is not yet on board. Undid revision 981532047 by Devonian Wombat (talk)
981511301,2020-10-02 19:18:00,Coffeeandcrumbs,491957,0,Undid revision 981510917 by Cartoon Boy (talk); WP:EASTEREGG
981493754,2020-10-02 17:13:00,Jdcomix,492050,+365,"Undid revision 981492504 by TedEdwards (talk) please discuss this on the talk page first even though I agree with you, because this will almost certainly be reverted"
981434026,2020-10-02 08:44:00,Tartan357,492578,−235,"Reverted good faith edits by UpdateNerd (talk): This was also added today and there isn't a consensus for its inclusion yet. I think there are some potential WP:BLP and WP:NPOV violations in here, too, such as labeling his response ""slow""."
981433383,2020-10-02 08:36:00,UpdateNerd,492813,+235,restoring portion of COVID text to lead that I didn't add [in reverted edit]--only moved to be more chronological
981424284,2020-10-02 07:02:00,Awesome Aasim,492808,−448,Reverted to revision 981420582 by Sdkb (talk): Please see the talk page.
981422274,2020-10-02 06:37:00,Larry Hockett,493185,−32,Reverted edits by NelsonLee20042020 (talk) to last version by Lexicon
981420582,2020-10-02 06:14:00,Sdkb,492808,,"Reverted to revision 981418859 by Sdkb (talk): Reverting three (!) attempts to add a mention of the diagnosis to the lead and elsewhere. It's already present. C'mon, folks, check the history first before editing."
981382231,2020-10-01 23:58:00,Benjamin.P.L,490944,−4,Undid revision 981358178 by William S. Saturn (talk) Every other presidential article has the president's mother name like.
981358178,2020-10-01 20:41:00,William S. Saturn,490948,+4,Undid revision 981019404 by Benjamin.P.L (talk) use the correct name for the mother at the time of Trump's birth
981214676,2020-09-30 23:49:00,Francesco 13,489852,−33,Undid revision 981214596 by Francesco 13 (talk)
981108256,2020-09-30 09:57:00,Mandruss,490137,−197,Undid revision 981106756 by Thorpewilliam (talk) - clearly unsupported by talk discussion
980877483,2020-09-29 00:33:00,Onetwothreeip,490057,−10,"→‎New York Times tax report:  Restoring much of {{u|Soibangla}}'s previous tightening up of language, looking at their previous edits which I had reverted."
980866170,2020-09-28 22:44:00,Onetwothreeip,489761,−363,Reverted to revision 980860294 by Popcornfud (talk): Still superfluous
980668411,2020-09-27 19:46:00,Zzuuzz,487404,−21,Undid revision 980668165 by KingOpti101 (talk)
980520571,2020-09-27 00:16:00,Onetwothreeip,491580,,Reverted to revision 980477919 by PackMecEng (talk): Spurious detail for this particular article.
980035276,2020-09-24 06:58:00,Mandruss,489412,−11,"Undid revision 980031151 by DSbxgMMA (talk) - MOS:OVERLINK - ""Everyday words understood by most readers in context"""
980010406,2020-09-24 02:39:00,PackMecEng,489350,,Undid revision 979997350 by Soibangla (talk) lets hold off on this for now. right now it is clearly undue for this article
979551593,2020-09-21 11:22:00,Koreanovsky,488416,−2,Undid revision 979551550 by Koreanovsky (talk)
979551550,2020-09-21 11:22:00,Koreanovsky,488418,+2,"Patroller, I am testing something with the WP:PC - do not worry, will revert this edit"
979531979,2020-09-21 08:30:00,Space4Time3Continuum2x,488442,,Undid revision 979530555 by Keepcalmandchill (talk)Reverting good-faith edit. Too speculative for encyclopedia
979264478,2020-09-19 19:29:00,Space4Time3Continuum2x,488604,,"→‎Israel:  Revert good-faith edit. What does ""concluded agreements"" mean? Trump hosted a signing ceremony for three documents whose contents remain nebulous (https://abcnews.go.com/Politics/agreements-signed-normalize-relations-israel-uae-bahrain/story?id=73020881)"
978545929,2020-09-15 15:19:00,Bdushaw,486291,,Undid revision 978439331 by Bdushaw (talk)  Not agreeing with revert; well-sourced material of primary significance. See Talk.
978439331,2020-09-14 22:55:00,Bdushaw,482737,,Undid revision 978438487 by Bdushaw (talk) Undo my own rvt; reading the rules more carefully
978438487,2020-09-14 22:45:00,Bdushaw,486291,,Undid revision 978430247 by TheGEICOgecko (talk) Not agreeing with revert; well-sourced material of primary significance.
978268326,2020-09-13 22:21:00,SPECIFICO,480861,−240,"Undid revision 978264169 by Display name 99 (talk) restoring consensus text per long talk-page discussion and reflecting article text. Please review article text before making lead changes, even if you are not aware of the talk page history"
978203808,2020-09-13 14:43:00,QQJJ,478890,,"Undid revision 978177086 by Supreme Deliciousness (talk) for violating discretionary sanctions: ""If an edit you make is reverted you must discuss on the talk page and wait 24 hours before reinstating your edit."""
978177086,2020-09-13 10:26:00,Supreme Deliciousness,479441,,Undid revision 978165969 by Tristan Surtel (talk) strongly disagree as it influenced his position in the conflict
978165969,2020-09-13 08:39:00,Tristan Surtel,478890,,Undid revision 978151356 by Supreme Deliciousness (talk) The alleged showing of one video to Trump by Netanyahu seems of little importance to Trump's life and should not take up almost half of the words spent on Trump's Israel policy.
977692082,2020-09-10 11:09:00,Space4Time3Continuum2x,479126,,"→‎Russia:  Partially reverting https://en.wikipedia.org/w/index.php?title=Donald_Trump&type=revision&diff=977518237&oldid=977476476. None of the three sources is an opinion. Don't need another direct Trump quote. ""Mr. Trump’s comment was in keeping with his practice of not criticizing Mr. Putin,"" per the cited source. Trimming ""on Russia"" - obvious within the context."
977373609,2020-09-08 13:07:00,Bdushaw,477778,,Undid revision 977370847 by Mandruss (talk) agreeing with original rvt
977370847,2020-09-08 12:41:00,Mandruss,478874,,Undid revision 977369163 by Mandruss (talk) - self-rv per 1RR
977369163,2020-09-08 12:26:00,Mandruss,477778,,Undid revision 977361569 by Tobby72 (talk) - Excessive detail for this one-page biography of Trump (not a history of U.S. foreign policy during his presidency)
977214852,2020-09-07 15:49:00,Mandruss,476573,+339,Undid revision 977212936 by Tristan Surtel (talk) - Disagree. Probably more relevant to his biography than a lot of this detail about controversies surrounding the presidency. That his second favorite book is his own says something about him.
976733625,2020-09-04 17:34:00,Space4Time3Continuum2x,479474,+11,Another partial revert of Emotionless Expression. All County - using the infinitive changes the meaning
976683558,2020-09-04 11:01:00,MrX,478945,−80,Reverted to revision 976551647 by Brogo13 (talk): This was discussed extensively and rejected because it overstates the extent and impact. See talk:Donald Trump#We have to agree and specify the wording before this can go in the lead (TW)
976203991,2020-09-01 18:53:00,Emir of Wikipedia,480601,−62,"Undid revision 976192157 by Sdkb (talk) article is about the federal government as whole, not specifically Trump"
976191284,2020-09-01 17:31:00,Mandruss,478944,−22,"Undid revision 976190514 by Sdkb (talk) Sorry, but I think it has been established that we should refer to the Democrat-controlled House and the Republican-controlled Senate, or neither, and we settled on neither for the lead. That seems reasonable to me."
975999313,2020-08-31 16:30:00,ValarianB,478909,−10,Undid revision 975989441 by BLDM (talk) I believe it is you who should review the very large edit notices on this page
975989441,2020-08-31 15:19:00,BLDM,478919,+10,Undid revision 975957497 by Mandruss (talk) Restoring status quo. Review active WP:BRD arbitration remedies.
975957497,2020-08-31 11:00:00,Mandruss,478909,−10,"Undid revision 975932747 by BLDM (talk) - The purchase and sale are implied by ""owned"". No meaning was lost while reducing the word count by 18% and the character count by 13%. Good trim."
975932747,2020-08-31 06:52:00,BLDM,478919,+10,Undid revision 975931339 by Space4Time3Continuum2x (talk) Should be specified
975791178,2020-08-30 12:49:00,Space4Time3Continuum2x,478858,+1,Reverting edit https://en.wikipedia.org/w/index.php?title=Donald_Trump&diff=prev&oldid=975728932. Notified editor that they are in violation of consensus item #17 and Talk page discussion https://en.wikipedia.org/wiki/Talk:Donald_Trump#2020_nominee
975761095,2020-08-30 07:56:00,Mandruss,478856,−3,Undid revision 975758560 by Angus1986 (talk) - every one of these changes is wrong or not improvement
974973224,2020-08-26 01:08:00,JLo-Watson,476688,+45,Previous wording was better - partial revert
974813519,2020-08-25 04:54:00,Mandruss,476533,−114,"Undid revision 974787288 by Ɱ (talk) - Talk:Donald Trump#Current consensus, item 17"
974522121,2020-08-23 14:36:00,MrX,476772,+235,"Reverted to revision 974512158 by Scjessey (talk): This version, or one very close to it has consensus. More importantly, including something in the lead also has a separate consensus. Removing this in its entirety is contrary to policy. See my slightly more detailed comments on the talk page. (TW)"
974517948,2020-08-23 14:10:00,JFG,476537,−235,"Undid revision 974512158 by Scjessey (talk) Sorry, ongoing RfC about this content"
974512158,2020-08-23 13:32:00,Scjessey,476772,+235,"Undid revision 974510007 by Emir of Wikipedia (talk) - revert to status quo prior to adjustments. This is the most consequential crisis of his presidency, so NOT having it in the lead in the run up to an election would be absurd."
974509568,2020-08-23 13:13:00,Bdushaw,476772,−185,Undid revision 974506727 by LilBillWilliams (talk) Several problems against consensus; see top of Talk page. We should wait for process to conclude properly.
974504917,2020-08-23 12:39:00,Mandruss,476772,−277,Undid revision 974479967 by LilBillWilliams (talk) - excessive for the lead of this one-page biography
974420843,2020-08-22 23:01:00,Scjessey,476782,−39,"Undid revision 974415618 by Fluffy89502 (talk) - has not been used on any article of a US president, and the single source cited at The Honourable does not support it anyway."
974106828,2020-08-21 04:11:00,Mandruss,476349,−24,Undid revision 974104696 by CatcherStorm (talk) - consensus is against a caption here
974002503,2020-08-20 14:27:00,Space4Time3Continuum2x,476425,+488,→‎North Korea:  Manually reverting - see Talk.
973704275,2020-08-18 19:02:00,Mandruss,477550,−57,Undid revision 973701005 by Ceedub88 (talk)
973602573,2020-08-18 04:34:00,Mandruss,477550,−24,"Undid revision 973598642 by Beyond My Ken (talk) - rv per BRD, article history suggests informal consensus against a caption here. See here for a recent (albeit brief) discussion, and other talk archive for more."
973540781,2020-08-17 19:59:00,BlacknoseDace,477610,−69,Reverted to revision 973490996 by Brogo13 (talk): Reverted my edit (TW)
973399153,2020-08-17 00:38:00,MrX,478586,−490,Reverted to revision 973367746 by Muboshgu (talk): This is not a substantial event in Trump's life. Please seek consensus on the talk page. (TW)
973367746,2020-08-16 20:52:00,Muboshgu,478586,,Reverted 1 edit by NapoleonX (talk): Or to point out that Hillary got more votes than Trump. As pointed out in WP:RS time and again since 11/8/16 (TW)
973306932,2020-08-16 14:16:00,Emir of Wikipedia,479231,−2,Undid revision 973306729 by Space4Time3Continuum2x (talk) Fox is RS
973220675,2020-08-16 01:37:00,פֿינצטערניש,479672,−266,"Undid revision 973219439 by Davefelmer (talk) RV changes to lede without consensus, where notes specifically call for not changing without consensus"
973047016,2020-08-15 02:51:00,MrX,477597,+148,Reverted to revision 972995923 by Hairy Dude (talk): It makes perfect sense. Inquire on the talk page. (TW)
972881536,2020-08-14 07:43:00,Mandruss,477585,−2,"Undid revision 972863317 by BagInACampfire (talk) - Talk:Donald Trump#Current consensus, item 35"
972787793,2020-08-13 20:23:00,Emir of Wikipedia,477585,−24,"Undid revision 972565765 by X4n6 (talk) as per the note ""DO NOT CHANGE this college or diploma without prior consensus, see Talk:Donald Trump#Current consensus, item 18"""
972776231,2020-08-13 19:14:00,MrX,477609,−319,Reverted to revision 972570550 by MelanieN (talk): These are not suitable for the lead. It would be best to discuss these on the talk page first. (TW)
972395268,2020-08-11 20:43:00,MrX,477440,−174,Reverted good faith edits by X4n6 (talk): This is too detailed for the lead. Perhaps it can be added to the body of the article. (TW)
972234190,2020-08-10 23:52:00,Mandruss,477223,+13,"Undid revision 969708480 by The Optimistic One (talk) - Independent 2011-2012, as seen just below this"
971969325,2020-08-09 11:49:00,JFG,476638,+79,Undid revision 971809526 by Emir of Wikipedia (talk) It's useful to give a summary of what types of real estate activities Trump was engaged in
971908424,2020-08-09 00:23:00,Mandruss,476559,−75,"Undid revision 971905234 by American In Brazil (talk) - Content change has been under discussion for over two days. There has been progress toward a consensus, but a consensus has yet to be reached. Restoring status quo ante pending consensus for a change. Please read the DS alerts I placed at your UTP and the ArbCom remedies near the top of this article's ATP."
971905234,2020-08-08 23:56:00,American In Brazil,476634,+75,reverted revert by Mandruss to make Note b more accurate
971815155,2020-08-08 11:39:00,UpdateNerd,476396,−478,Undid revision 971814851 by UpdateNerd (talk) buggy app edit
971735003,2020-08-07 22:02:00,Mandruss,480367,−75,"Undid revision 971628419 by Hipocrite (talk) - TMI for a footnote, please seek consensus for this"
971628419,2020-08-07 08:49:00,Hipocrite,480442,+75,→‎top:  slight note b rewrite to address talk page - please revert or ask me to self if not helpful
971123481,2020-08-04 09:16:00,Mandruss,474637,0,Undid revision 971112976 by Factfanatic1 (talk) - MOS:JOBTITLES - table column 2 example 3
970438873,2020-07-31 08:50:00,Space4Time3Continuum2x,473016,−73,"Undid revision 970438734 by Space4Time3Continuum2x (talk)It’s now even worse than before (re Talk). Wiki linking ""riots"" to a page called ""Violence and controversies during the George Floyd protests,"" which includes details of police violence and criminal activities by various groups and opportunist criminals, and never mind that most of that occurred after June 1 undo"
970438734,2020-07-31 08:48:00,Space4Time3Continuum2x,473089,+73,"Undid revision 970438193 by Space4Time3Continuum2x (talk)Undoing own edit, edit summary somewhat misleading"
970438193,2020-07-31 08:42:00,Space4Time3Continuum2x,473016,−73,"Undid revision 970422913 by Markbassett (talk)It’s now even worse than before (re Talk). Wiki linking to a page called ""Violence and controversies during the George Floyd protests"" (which includes details of police violence and criminal activities by various groups and opportunist criminals) and calling them riots, and never mind that most of that occurred after June 1"
970302661,2020-07-30 14:18:00,Mr Ernie,471856,−61,Undid revision 970302048 by Tktru (talk)rv vandalism
970301201,2020-07-30 14:06:00,MrX,471856,+304,Reverted to revision 970259019 by Bdushaw (talk): Nonsense. You know very well that a new consensus has emerged. (TW)
969976108,2020-07-28 14:14:00,Scjessey,469775,−15,Undid revision 969950742 by פֿינצטערניש (talk) - unnecessary in a section heading
969905358,2020-07-28 02:15:00,HaeB,469825,,"partial revert - does not seem like ""trivia"" to me; it's relevant context e.g. for understanding the reactions covered in the next paragraph"
969772952,2020-07-27 10:22:00,Space4Time3Continuum2x,471121,,"Undid revision 969696820 by Onetwothreeip (talk)It's not trivial if it's been mentioned in numerous RS, including major newspapers"
969696820,2020-07-26 22:27:00,Onetwothreeip,470166,,Reverted to revision 969685596 by Jack Upland (talk): Far too trivial for this already too large article (TW)
969439125,2020-07-25 12:35:00,JFG,470995,+4,"Undid revision 969213553 by CookieMonster755 (talk) We usually list married women by their maiden name, not the name of their previous husbands"
969421240,2020-07-25 09:30:00,Mandruss,470957,−4,Undid revision 969369932 by Ibn Daud (talk) - per MOS:OVERLINK New York City is generally not linked
969141006,2020-07-23 16:53:00,Emir of Wikipedia,471258,−31,Reverted good faith edits by פֿינצטערניש (talk): You will have to go to the talkpage to gain WP:CONSENSUS for that. (TW)
968886437,2020-07-22 03:35:00,Mandruss,471063,+438,Undid revision 968885497 by Onetwothreeip (talk) - Historical firsts are not tenuous trivia.
968698618,2020-07-20 23:30:00,Mandruss,472078,−119,"Undid revision 968692487 by Hoponpop69 (talk) - Talk:Donald Trump#Current consensus, item 35"
968614739,2020-07-20 13:09:00,JzG,472078,,Reverted good faith edits by MyPreferredUsernameWasTaken (talk): Show this was initiated by Trump or that played any role other than signing on the doted line. (TW)
968611431,2020-07-20 12:37:00,MyPreferredUsernameWasTaken,473352,,"Undid revision 968611022 by Mandruss (talk) - Why is this being excluded but information about Uyghur Muslims included? Which is more relevant, Hong Kong or that?"
968611022,2020-07-20 12:33:00,Mandruss,472078,,Undid revision 968609784 by MyPreferredUsernameWasTaken (talk) - Enough already. Trump's presidency is not the focus of this article. Put detail like this in Presidency of Donald Trump or a different Trump sub-article.
968464261,2020-07-19 15:22:00,Space4Time3Continuum2x,470271,,"Undid revision 968463584 by Space4Time3Continuum2x (talk)I seem to have ""lost"" some text"
968393780,2020-07-19 03:41:00,Mandruss,471211,−57,Undid revision 968383862 by Ceedub88 (talk) - Do not edit war here. Your edit has been disputed. Take it to talk or drop it. Also see the talk page information about ArbCom remedies in effect at this article.
968308255,2020-07-18 15:26:00,Lindenfall,471211,−57,"Undid revision 968268553 by Ceedub88 (talk) Such edit cannot be warranted by laypersons, even with anecdotal consensus."
968168493,2020-07-17 17:24:00,Calidum,471549,+285,move WHO withdrawal in lead to sentence about COVID-19; feel free to revert me if I'm out of line
968044891,2020-07-16 21:51:00,Trappist the monk,471179,−4,Undid revision 967992358 by Thomasmeeks (talk) broke citation templates;
966944377,2020-07-10 05:18:00,SPECIFICO,464361,+454,Undid revision 966940526 by JFG (talk) SKYBLUE. RfC was malformed.
965071788,2020-06-29 07:06:00,HaeB,456629,,"Reverted 3 edits by Bzweebl: Nothing against some updates where needed, but this article surely needs to retain the general characterizations as e.g. populist and protectionist, and keep the link to the main article Political positions of Donald Trump (cf. WP:SUMMARY) (TW)"
964663674,2020-06-26 20:49:00,Mandruss,453997,−6,Reverted to revision 964511002 by Speed74 (talk): Use mdy dates (TW)
964224906,2020-06-24 08:06:00,JFG,452503,−14,Undid revision 964211288 by Lethweimaster (talk) Do we really need a link to the US dollar currency? Isn't that MOS:OVERLINK?
963985269,2020-06-22 22:49:00,Urgal,451550,−11,self-revert because of 1RR *sigh*
963981581,2020-06-22 22:21:00,Urgal,451561,+11,Undid revision 963981358 by Scjessey (talk) unsourced
963899584,2020-06-22 12:52:00,Urgal,451569,+12,Undid revision 963898146 by Brogo13 (talk)
963617146,2020-06-20 20:31:00,MrX,451524,−246,Reverted to revision 963578915 by Bdushaw (talk) (TW)
963522280,2020-06-20 07:37:00,Mandruss,451520,−15,"Undid revision 963475342 by JerzyA (talk) - Yes, but this detail is not particularly relevant to Trump's life. This article is not about New York City. Readers who want to know more may click the Queens link."
963318029,2020-06-19 04:03:00,Mandruss,450535,−14,Undid revision 963307205 by EsotericJoe (talk) - unnecessary
963239899,2020-06-18 18:08:00,SPECIFICO,450535,−155,Undid revision 963015750 by JFG (talk) See talk page.  Changing established enumerated consensus needs new explicit consensus.  Reinstating enumerated consensus.
962204636,2020-06-12 18:02:00,Mandruss,439427,−14,Undid revision 962175468 by SK2242 (talk) - This caption has been removed as unnecessary several times. The photo is clearly during his presidency and nobody's appearance changes much between 70 and 73. Therefore the date is not significant enough to justify the space required for it.
962152203,2020-06-12 11:28:00,Scjessey,439729,,Undid revision 962120645 by Starship.paint (talk) - Not for this article. It should go in Donald Trump 2020 presidential campaign.
960935533,2020-06-05 18:36:00,Space4Time3Continuum2x,437974,−83,Undid revision 960935438 by Space4Time3Continuum2x (talk)Self-reverted
960935438,2020-06-05 18:35:00,Space4Time3Continuum2x,438057,+83,→‎Photo-op at St. John's Church:  Test - will revert
960935152,2020-06-05 18:33:00,Space4Time3Continuum2x,437974,−85,Undid revision 960935069 by Space4Time3Continuum2x (talk)Self-revert
960935069,2020-06-05 18:32:00,Space4Time3Continuum2x,438059,+85,→‎Photo-op at St. John's Church:  Test - will revert
960900757,2020-06-05 14:33:00,MrX,437974,+31,Reverted edits by MrX (talk) to last version by Scjessey
960900518,2020-06-05 14:31:00,MrX,437943,−31,Test. Will self revert in a second.
960852120,2020-06-05 07:43:00,Space4Time3Continuum2x,438127,−201,→‎Killing of George Floyd:  Reverting section to last version by MrX https://en.wikipedia.org/w/index.php?title=Donald_Trump&diff=prev&oldid=960732591. See Talk.
960547240,2020-06-03 15:10:00,SPECIFICO,436883,,Undid revision 960541594 by JFG (talk) Wholesale revert of noteworthy sourced content is not helpful. Use the talk page to propose specific alternatives or edits to this content.
960418891,2020-06-02 21:18:00,Mandruss,434798,−72,"Reverted to revision 960349867 by JHunterJ: Rationale is inconsistent with MOS:DASH: ""...use either unspaced em dashes or spaced en dashes, with consistency in any one article."" This article uses spaced endash. (TW)"
959750760,2020-05-30 12:14:00,Objective3000,416064,−46,Undid revision 959749320 by Urgal (talk) Not there for other presidents.
959749110,2020-05-30 12:00:00,MrX,416064,−46,"Reverted to revision 959747454 by Starship.paint (talk): No, it got deleted because it's not appropriate. Please don't violate WP:1RR again or you may be sanctioned. (TW)"
959441293,2020-05-28 20:05:00,Mandruss,404957,−65,Undid revision 959441180 by Cesdeva (talk)
959324724,2020-05-28 06:39:00,JFG,404450,−2,Undid revision 957600716 by Thanoscar21 (talk) Previous wording was clearer
959255230,2020-05-27 21:22:00,Mandruss,404649,+3,Undid revision 959240237 by Nightscream (talk) - rv per WP:CAPFRAG - complete sentence
959033858,2020-05-26 21:01:00,SPECIFICO,404679,,Undid revision 959029516 by MyPreferredUsernameWasTaken (talk) Restoring improved version based on talk page collaboration.
959029516,2020-05-26 20:36:00,MyPreferredUsernameWasTaken,404086,,"→‎Religion:  reverting back to previous version, changed without consensus"
958756780,2020-05-25 15:27:00,Mandruss,402170,−16,"Undid revision 958656741 by Nightscream (talk) - Disagree. Grammatically, the word ""Early"" has to modify either the first element only (life) or all three (life, career, military deferment). NOT the first two only. ""Early military deferment"" obviously makes no sense. Grammatical correctness trumps arguably unnecessary accuracy."
958567681,2020-05-24 14:40:00,Space4Time3Continuum2x,401608,0,Undid revision 958567583 by Space4Time3Continuum2x (talk)
958405078,2020-05-23 16:27:00,Praxidicae,402383,−69,Reverted edits by Mareisland03 (talk) to last version by Loginnigol
957749315,2020-05-20 10:43:00,Mandruss,401931,−22,"Undid revision 957733115 by Iamreallygoodatcheckers (talk) - In the opinion of many including me, yes. This July 2019 discussion failed to reach a consensus to change this. Feel free to start another one, if you think it will be worthwhile to revisit this issue."
957624823,2020-05-19 19:11:00,MelanieN,401927,−364,"reverting good faith addition. 1) CNN is not a doctor, and 2) there is no need to quantify how obese he is or isn't."
957405297,2020-05-18 17:58:00,Mandruss,401858,,Undid revision 957371171 by Kolya Butternut (talk) - items under consensus require prior new consensus to change
957234813,2020-05-17 19:38:00,JLo-Watson,401850,−8,Reverted vandalism per the talk page
957182391,2020-05-17 13:49:00,Mandruss,401858,−437,"Undid revision 957175812 by Tobby72 (talk) - too tangential to Trump's life, low informational value, primarily decorative"
957139904,2020-05-17 07:12:00,Space4Time3Continuum2x,401850,+35,"Undid revision 957125024 by Verdana Bold (talk)""Everybody knows that"" isn't a reliable source"
956246841,2020-05-12 09:14:00,Mandruss,400945,−35,"Undid revision 956217643 by DaveTheBrave (talk) -- Talk:Donald Trump#Current consensus, item 17"
955866172,2020-05-10 07:12:00,Mandruss,400919,,"Undid revision 955811372 by Starzoner (talk) - and this one - Talk:Donald Trump#Current consensus, item 25"
955574606,2020-05-08 15:33:00,Mandruss,400952,−11,Undid revision 955572545 by RandomUserGuy1738 (talk) - WP:NOTBROKEN
955554575,2020-05-08 13:08:00,Space4Time3Continuum2x,400952,+8,"Undid revision 955461318 by Thanoscar21 (talk)Seems to be a misinterpretation of consensus item #22 which prohibits calling Trump a liar in WP voice but IMO does not preclude stating that RS used the word ""lies."" See also Talk."""
955166349,2020-05-06 09:28:00,Bastun,400942,,Undid revision 955112677 by JFG (talk) Restore referenced content. Commutation is not the same as a pardon.
955056161,2020-05-05 18:36:00,Davey2116,400807,+112,"→‎Health and lifestyle:  Undid revision 944033885, see current consensus, line 40"
954784846,2020-05-04 08:53:00,Mandruss,399504,+27,"Undid revision 954732018 by GoodDay (talk) -- Talk:Donald Trump#Current consensus, item 17"
954017107,2020-04-30 07:03:00,Mandruss,400505,−32,"Undid revision 954008700 by Starship.paint (talk) - this was removed after a recent discussion, and we didn't see you there."
953901345,2020-04-29 17:06:00,SPECIFICO,396673,,Undid revision 953896499 by JFG (talk) Barrister and offer did happen.
953876911,2020-04-29 14:36:00,Scjessey,396710,+37,"Undid revision 953873757 by EditQwerty (talk) - we want this to establish the date of the picture and the fact that it is the official portrait. Also, we often get requests to change it, so having a caption probably eliminates some of those requests."
953710544,2020-04-28 17:28:00,Scjessey,396371,−16,"Undid revision 953702490 by Brogo13 (talk) - it was an ACTUAL quote, not a scarequote."
953068685,2020-04-25 15:18:00,Mandruss,394777,+288,"Undid revision 953057584 by Brogo13 (talk) - 1. Do not change perfectly acceptable infobox template formatting just because your personal preference is different.2. Do not change punctuation of source titles in citations, as you were advised three weeks ago on your talk page."
952983547,2020-04-25 02:40:00,Onetwothreeip,394738,,Reverted to revision 952913691 by Space4Time3Continuum2x (talk): Article not merely a receptacle for moronic statements by the subject (TW)
952272093,2020-04-21 11:54:00,MrX,393713,+126,Reverted to revision 952190974 by MelanieN (talk): Sources support this wording (TW)
952178793,2020-04-20 23:18:00,Purplebackpack89,393828,−133,Undid revision 952150573 by JLo-Watson (talk)...still an ongoing discussion as how to mention coronavirus in lede
952028787,2020-04-20 06:14:00,Wow,394619,−415,Undid revision 951995261 by J.S. Clingman (talk) not part of the america first agenda
951975377,2020-04-19 22:56:00,Zingarese,393854,,Undid revision 951961205 by Mandruss (talk) i cannot disagree more that this trivial mention is UNDUE
951723401,2020-04-18 15:01:00,Space4Time3Continuum2x,392324,−24,"Undid revision 951723259 by Space4Time3Continuum2x (talk)Hit ""publish"" instead of ""preview"""
951655064,2020-04-18 05:55:00,Mandruss,393011,−422,Reverted to revision 951607921 by Mandruss (talk): Undue for a one-page Trump biography. This article is not about the coronavirus pandemic. (TW)
950790995,2020-04-13 21:19:00,SPECIFICO,391170,+290,"Undid revision 950790391 by Onetwothreeip (talk) No reason to change the existing text, which accurately and concisely reflected the cited sources. Please do not make unspecified remarks about ""editorialising"" in an edit summary. Use the talk page to discuss NPOV or other such concerns."
949875506,2020-04-09 01:14:00,Yeungkahchun,392354,0,Undid revision 949871295 by Yeungkahchun (talk)
949854223,2020-04-08 21:58:00,Muboshgu,392142,,"Undid revision 949853891 by Yeungkahchun (talk) ""will"" face ""presumptive"".... oh the irony"
949648459,2020-04-07 18:21:00,Mandruss,389839,−68,"Undid revision 949538576 by Purplebackpack89 (talk) - claimed consensus appears to be absent, see talk"
949313675,2020-04-05 19:36:00,Boing! said Zebedee,389838,−29,"Reverted 1 edit by Bakir123 (talk): That's already obvious in ""President of the USA"" (TW)"
948591512,2020-04-01 22:02:00,Mandruss,389939,,"Undid revision 948577192 by John Broughton (talk) - WP:NOTNEWS, WP:UNDUE - 76 words with little long term informational value"
948523908,2020-04-01 14:32:00,PackMecEng,389939,−165,Undid revision 948479400 by X1\ (talk) This has been discussed on talk and consensus is to exclude
948479400,2020-04-01 07:23:00,X1\,390104,+165,"Long-standing (since 22:10, 20 December 2017, diff=816365683&oldid=816343562), see Talk:Donald Trump and return to BRD. Undid revision 948216773 by JFG (talk)"
947732436,2020-03-28 03:23:00,X1\,390150,+358,"Incorrect justification used at Talk:Donald Trump#Russian interference, restoration.  Is long-standing, at least back a 1000 edits to early October of last year.  Do BRD.  Undid revision 947716069 by Markbassett (talk)"
947716069,2020-03-28 01:19:00,Markbassett,389792,−358,Revert X1 - per User:PackMecEng reduced timeline sprawl
947558582,2020-03-27 01:25:00,X1\,390150,,"restore long-standing, take to Talk.  Undid revision 947471249 by PackMecEng (talk)"
947383301,2020-03-25 23:48:00,Markbassett,389792,−269,"Undid revision 947223508 by X1\ (talk) UNDUE single opinion, not major item or  BLP significant"
947377369,2020-03-25 22:59:00,DannyS712,390061,−11,Undid revision 947376668 by Lorromorro (talk) - see current consensus #17
947358674,2020-03-25 20:37:00,Mandruss,390061,−35,"Undid revision 947357218 by J4lambert (talk) - dubious applicability in this top-level bio, and busts the limit on post-expand include size, breaking three templates at the end of the article"
947214469,2020-03-25 00:05:00,Scjessey,389792,−302,Undid revision 947189136 by Llewee (talk) - none of these are necessary or wanted
947133703,2020-03-24 14:21:00,Mandruss,389797,+162,"→‎Racial views:  Restoring content per Talk:Donald Trump#Current consensus, item 27. I am unable to determine when this was removed, but the removal should have been reverted at that time."
947049271,2020-03-24 00:04:00,Mandruss,389635,,"Undid revision 947047683 by Nannochloropsis (talk) - rv system error, pls try again"
947029666,2020-03-23 21:27:00,Scjessey,389635,−141,"Reverted to revision 947000907 by Tpdwkouaa (talk): No consensus for this one-sided, hagiographic insertion based on minimal discussion using TW"
947000907,2020-03-23 17:59:00,Tpdwkouaa,389635,−29,Undid revision 947000580 by Tktru (talk) Probably need a source or reason to add that...
946859466,2020-03-22 21:06:00,MelanieN,388984,−49,Reverting good faith edit. Any change to the lead section needs to be discussed at the talk page first.
946776438,2020-03-22 10:06:00,SPECIFICO,388898,,Undid revision 946748695 by Markbassett (talk) Restoring talk page consensus.
946651087,2020-03-21 15:05:00,Mandruss,388419,+4,"Undid revision 946644020 by Spy-cicle (talk) - Talk:Donald Trump#Current consensus, item 2"
946647754,2020-03-21 14:37:00,Starship.paint,388415,−55,Undid revision 946646097 by Starship.paint (talk)
946263209,2020-03-19 02:40:00,Galobtter,386894,,"Reverted 1 edit by ZiplineWhy: We could probably include something on it in the lead but a separate paragraph is too much, esp. since this article is about trump the person (TW)"
946193361,2020-03-18 17:47:00,Objective3000,386408,,Reverted to revision 946188867 by Mandruss (talk): I don't see how this is outdated. (TW)
946153146,2020-03-18 12:30:00,ValarianB,379087,,"Undid revision 946105937 by Onghai1929 (talk) not a helpful or useful navigational aide. With a page of this size, less is more"
946016018,2020-03-17 15:17:00,JFG,379085,0,"Undid revision 945668085 by JzG (talk) We are attributing comments to Trump; must stick to his choice of words, as quoted in source"
946008848,2020-03-17 14:16:00,SPECIFICO,379085,+167,"Undid revision 945975603 by JFG (talk) restore established article text. ""trim"" edit summary misrepresents change in meaning of article content."
946008821,2020-03-17 14:16:00,SPECIFICO,378918,−343,"Undid revision 945976445 by JFG (talk) restore established article text. ""trim"" edit summary misrepresents change in meaning of article content."
945999314,2020-03-17 12:53:00,Mandruss,378879,−4,"Undid revision 945988002 by Wrath X (talk) -  New York City is generally not linked, per MOS:OVERLINK."
945905462,2020-03-16 21:30:00,MrX,380682,−192,Reverted to revision 945827805 by Mandruss (talk): 1RR is in effect. Use the talk page. (TW)
945898701,2020-03-16 20:39:00,Scribatorian,380817,+135,Undid revision 945510814 by Space4Time3Continuum2x (talk)
945827805,2020-03-16 11:36:00,Mandruss,380682,−139,"Reverted to revision 945717283 by НСНУ: Re the image, we don't conduct discussions by re-reverts and edit summaries. Seek consensus on the talk page or drop it. Re the wikilink, New York City is generally not linked, per MOS:OVERLINK. (TW)"
945752778,2020-03-15 22:40:00,Scribatorian,380817,+135,"Undid revision 945510814 by Space4Time3Continuum2x (talk) So?? JFK's Massachusetts childhood home (on Beals St. that is) is pictured on his page, and he only lived there until age 3, but it is still a N. Historic Site"
945598782,2020-03-15 00:08:00,Objective3000,380628,−73,"Reverted to revision 945510814 by Space4Time3Continuum2x (talk): Past tense is a bit odd. But, let's wait a bit on this. (TW)"
945048693,2020-03-11 14:24:00,Scjessey,380599,−156,"Reverted to revision 945018838 by Mandruss (talk): Adding all those unnecessary dates harms the narrative, because it is not chronological and looks weird. using TW"
945019968,2020-03-11 10:02:00,SUM1,380788,+189,"↓ It was a single revert, not a ""re-revert"". WP:1RR. Be careful what you say. Grammar, links and necessary dates"
945018838,2020-03-11 09:50:00,Mandruss,380599,−11,Undid revision 945016571 by SUM1 (talk) We don't re-revert when we think a reversion is pointless; that's called edit warring. Rather we seek consensus for the change.
945016571,2020-03-11 09:22:00,SUM1,380610,+11,(Shortdesc) Reverted pointless reversion. It is in line with practically all other politicians.
944666073,2020-03-09 05:29:00,HaeB,380597,,"Reverted 1 edit by Markbassett (talk): ""fails V"" how? the NYT ref you removed says ""the Trump campaign welcomed the Kremlin sabotage effort"" (TW)"
944410317,2020-03-07 18:09:00,Wikieditor19920,380597,,Undid revision 944409866 by Wikieditor19920 (talk) This is not formatted properly... going to wait on this
944301368,2020-03-06 23:41:00,Mandruss,381906,−4,Undid revision 944300615 by Scribatorian (talk) - MOS:OVERLINK
944007685,2020-03-05 04:16:00,Markbassett,390617,−122,Undid revision 944007442 by Markbassett (talk) misplaced paste
943995125,2020-03-05 02:23:00,Mandruss,390617,−5,Undid revision 943991650 by Matt Campbell (talk) - You made this same change on 20 Feb and it was challenged with cause. Take it to talk if you like but don't make it again without consensus.
943436187,2020-03-01 21:51:00,Spy-cicle,396718,−4,Undid revision 943435362 by Ergo Sum (talk) WP:OVERLINK
943168529,2020-02-29 08:04:00,Space4Time3Continuum2x,405130,+54,→‎Foreign policy:  Undoing potential 1RR violation
942865340,2020-02-27 09:58:00,Space4Time3Continuum2x,410342,+54,Undid revision 942864908 by Space4Time3Continuum2x (talk)Undoing own edit because of typo
942843717,2020-02-27 05:22:00,PackMecEng,408261,,Undid revision 942842984 by Space4Time3Continuum2x (talk) added more sources
942783321,2020-02-26 20:24:00,Valjean,408264,,"Undid revision 942183268 by Onetwothreeip (talk) Perfectly good content. Follow WP:Preserve and improve, not delete, content."
942604366,2020-02-25 18:15:00,Space4Time3Continuum2x,412486,+15,"Undid revision 942604219 by Space4Time3Continuum2x (talk)Sorry, wasn't finished. Undoing own edit"
942428744,2020-02-24 16:43:00,ZimZalaBim,412935,−28,"Reverted good faith edits by Cpotisch (talk): That level of detail can go into the article about the impeachment, but isn't really necessasry here (TW)"
942183268,2020-02-23 03:31:00,Onetwothreeip,413308,,Reverted to revision 942172793 by Rosguill (talk): Unnecessary addition (better for subarticles) but also POV and overciting issues (TW)
942172361,2020-02-23 01:39:00,MrX,411868,,Reverted to revision 942154007 by SPECIFICO (talk): The entire section should not be removed. How about proposing a trim on the talk page. This kind of editing is too bold. (TW)
941989640,2020-02-21 21:59:00,Davidwr,416858,,Undid revision 941989584 by Davidwr (talk) self-revert as promised
941989584,2020-02-21 21:59:00,Davidwr,417612,,"→‎External links:  demo of replacing flag-heavy Leadership Roles related templates with links to templates themselves, will self-revert, see discussion at Talk:Donald Trump#This page is bumping up against Wikipedia's technical limits"
941955319,2020-02-21 17:35:00,MrX,420718,,Reverted to revision 941845151 by Mandruss: I think this is too much of a snapshot in time for this bio. You should seek consensus on the talk page if you think this material should be included in the article. (TW)
941845151,2020-02-21 00:57:00,Mandruss,420718,−5,"Undid revision 941830046 by Matt Campbell (talk) -- Any reason why, aside from personal preference?"
941724294,2020-02-20 07:47:00,Mandruss,420718,−46,"Undid revision 941721450 by Bakir123 (talk) --  Talk:Donald Trump#Current consensus, item 17"
941228684,2020-02-17 09:36:00,Mandruss,418910,0,"Undid revision 941219892 by Mgasparin (talk) - this article uses spaced endash throughout, and MOS says to be consistent within an article"
940765989,2020-02-14 13:49:00,SPECIFICO,419203,+170,"Undid revision 940733502 by JFG (talk) restore established content. Please use talk if you feel it is ""gratuitous"""
940760373,2020-02-14 12:53:00,Malerooster,419033,−41,"Undid revision 940752189 by Reaganomics88 (talk), i would use talk page for this."
940748477,2020-02-14 10:41:00,Mandruss,419033,+5,"Undid revision 940732451 by JFG (talk) - Talk:Donald Trump#Current consensus, item 20"
940172762,2020-02-10 23:43:00,PackMecEng,418564,−2,Undid revision 940172635 by Brogo13 (talk) was better before. Also not supported by the body
940162962,2020-02-10 22:21:00,Eyer,418785,+241,Reverted good faith edits by Brogo13 (talk): Removed information (TW)
939987441,2020-02-09 22:16:00,MelanieN,418829,,"I'm going to revert this pending a talk page discussion on how respected or valid the ""Democracy Index"" is and how widely reported it is in Reliable Sources"
939985738,2020-02-09 22:03:00,PackMecEng,419919,,"Undid revision 939984996 by PackMecEng (talk) actually it looks like i broke 1RR with this, self reverting. It should be noted though the second source does not support the sentence and the first source specifically says “The downgrade [in the US rating] was not a consequence of Donald Trump."""
939984996,2020-02-09 21:57:00,PackMecEng,418829,,Reverted 1 edit by SPECIFICO (talk) to last revision by Rusf10 (TW)
939984560,2020-02-09 21:54:00,SPECIFICO,419919,,"Undid revision 939979042 by Rusf10 (talk) This received widespread coverage in the global press and the coverage has recurred each year. Seems noteworhty enough for this brief mention, as it relates to Trump's core."
939979042,2020-02-09 21:11:00,Rusf10,418829,,"Undid revision 939955947 by Tataral (talk)- that's just one opinion, clearly WP:UNDUE"
939878180,2020-02-09 07:57:00,Quisqualis,418829,−50,Undid revision 939875315 by Wrath X (talk) unsourced
939815349,2020-02-08 22:07:00,PackMecEng,418829,−15,Undid revision 939716343 by Space4Time3Continuum2x (talk) Restoring status quo while discussion is on going. I disagree with the addition as well.
939637360,2020-02-07 18:43:00,Space4Time3Continuum2x,419879,−389,Undid revision 939636369 by Space4Time3Continuum2x (talk) Undoing to add better summary
939384939,2020-02-06 03:43:00,MelanieN,420248,,Reverting good-faith removal. Not all of our readers are American or know what impeachment is. Some brief explanation is necessary.
939296986,2020-02-05 16:12:00,Mandruss,421175,−39,Undid revision 939250488 by Beland (talk) - Does not summarize sourced and cited content below the lead. Excessive detail for the lead in any case.
938364294,2020-01-30 19:03:00,Mandruss,417867,−8,"Undid revision 938363126 by ATC (talk) - Talk:Donald Trump#Current consensus, item 35"
938096389,2020-01-29 02:36:00,SPECIFICO,417901,,Undid revision 938092366 by PackMecEng (talk)  State of the Union Address not a tweet
938092366,2020-01-29 02:07:00,PackMecEng,417218,−349,Undid revision 938091635 by Soibangla (talk) undue for main article. We do not need a rebuttal for his every tweet
937415570,2020-01-24 21:50:00,MrX,415854,+57,Reverted to revision 937407311 by Space4Time3Continuum2x: I disagree. The heading is obviously important and we routinely have additonal links for readers' convenience. (TW)
937392041,2020-01-24 18:52:00,Space4Time3Continuum2x,415474,−54,"→‎Impeachment:  You are mistaken.  The House impeached Trump, whether the Senate convicts or acquits him.  Do not revert, take it to the Talk page if you do not agree."
936517433,2020-01-19 11:16:00,Space4Time3Continuum2x,415670,+175,Undid revision 936517286 by Space4Time3Continuum2x (talk)I seem to have broken the template somehow
936422061,2020-01-18 19:20:00,Mandruss,416718,−32,"Undid revision 936421831 by Adrianwo (talk) - Talk:Donald Trump#Current consensus, item 17"
936274526,2020-01-17 20:01:00,Markbassett,418538,−9,Undid revision 936093587 by SPECIFICO previously edited by JFG as wording not appropriate and in TALK discussion
936093587,2020-01-16 17:36:00,SPECIFICO,416337,+9,"Undid revision 935405488 by JFG (talk) restoring RS verified Dr. Bornstein article text, see talk."
935859186,2020-01-15 05:23:00,Jakesyl,415929,+1,Undid revision 935858275 by Jakesyl (talk)
935405488,2020-01-12 10:35:00,JFG,415589,−9,"Undid revision 935119220 by SPECIFICO (talk) Sources do not state that the three people involved were Trump employees, and ""forcibly removed"" is just sensationalist interpretation peddled by Bornstein"
935204223,2020-01-11 04:44:00,Onetwothreeip,416210,,Reverted to revision 935159986 by SPECIFICO (talk): Too much detail for this article (TW)
935068971,2020-01-10 07:50:00,Triggerhippie4,417151,+1,Undid revision 935055218 by Davidgoodheart (talk) this is against common practice
934838631,2020-01-08 20:09:00,Acekard,417249,−182,"Undid revision 934820298 by Acekard (talk) Article is bias definitely but I am removing it. All the other gallup polls that show him unpopular are fine but the first poll where he ties Obama is ""irrelevant..."" right... Oh well"
934820298,2020-01-08 17:58:00,Acekard,417431,+182,Undid revision 934721543 by MrX (talk) All other polls had around the same around of members polled so... and ref changed to official Gallup website.
934721543,2020-01-08 02:34:00,MrX,416162,−198,Reverted to revision 934611179 by Mandruss: This would need better sourcing. A poll of 1025 people does not seem particularly meaningful and Fox News is the last possible source that should be used for something like this. (TW)
934611179,2020-01-07 14:12:00,Mandruss,416162,+1,Undid revision 934609666 by Alborzagros (talk) - not improvement
933938485,2020-01-03 21:01:00,Markbassett,415955,+2,"Reverting SPECIFICO, Restoring JFG copyedit per 28 Dec TALK, fixing that plural is incorrect."
933871581,2020-01-03 13:31:00,JFG,415927,−107,Reverted to revision 933841706 by JFG (talk): Please establish consensus before adding controversial categories (TW)
933439968,2020-01-01 00:00:00,Jack Upland,417722,,Undid revision 933438021 by Soibangla (talk) This doesn't belong here. No direct connection to Trump & not really a major development
